2011,AWC Logo Cap,"5431991,2921","5431991,2921","170658107,2599","0,0318",A
2011,"Long-Sleeve Logo Jersey, L","5339124,215","10771115,5071","170658107,2599","0,0631",A
2011,"Sport-100 Helmet, Blue","5024194,4484","15795309,9555","170658107,2599","0,0925",A
2011,"Mountain-100 Black, 48","4938436,7127","20733746,6682","170658107,2599","0,1214",A
2011,"Sport-100 Helmet, Red","4909771,3513","25643518,0195","170658107,2599","0,1502",A
2011,"Sport-100 Helmet, Black","4902163,8144","30545681,8339","170658107,2599","0,1789",A
2011,"Mountain-100 Silver, 38","4889616,7011","35435298,535","170658107,2599","0,2076",A
2011,"Mountain-100 Black, 44","4818508,6356","40253807,1706","170658107,2599","0,2358",A
2011,"Mountain-100 Black, 42","4725623,1537","44979430,3243","170658107,2599","0,2635",A
2011,"Long-Sleeve Logo Jersey, XL","4723786,1548","49703216,4791","170658107,2599","0,2912",A
2011,"Mountain-100 Silver, 48","4718686,6701","54421903,1492","170658107,2599","0,3188",A
2011,"Mountain-100 Black, 38","4717637,6822","59139540,8314","170658107,2599","0,3465",A
2011,"Mountain-100 Silver, 42","4715363,9344","63854904,7658","170658107,2599","0,3741",A
2011,"Mountain-100 Silver, 44","4644756,1597","68499660,9255","170658107,2599","0,4013",A
2011,"Mountain Bike Socks, M","4619390,1243","73119051,0498","170658107,2599","0,4284",A
2011,"Long-Sleeve Logo Jersey, M","4129506,9936","77248558,0434","170658107,2599","0,4526",A
2011,"Road-150 Red, 56","3528682,588","80777240,6314","170658107,2599","0,4733",A
2011,"HL Mountain Frame - Silver, 38","3318936,9763","84096177,6077","170658107,2599","0,4927",A
2011,"Road-650 Red, 44","3229794,3562","87325971,9639","170658107,2599","0,5117",A
2011,"Road-650 Black, 52","3215342,8807","90541314,8446","170658107,2599","0,5305",A
2011,"Road-650 Red, 60","3212848,7545","93754163,5991","170658107,2599","0,5493",A
2011,"Road-450 Red, 52","3186950,2673","96941113,8664","170658107,2599","0,568",A
2011,"Road-650 Black, 58","3115383,67","100056497,5364","170658107,2599","0,5862",A
2011,"HL Mountain Frame - Silver, 48","3080698,8077","103137196,3441","170658107,2599","0,6043",A
2011,"Road-450 Red, 58","3075971,3537","106213167,6978","170658107,2599","0,6223",A
2011,"HL Mountain Frame - Black, 42","3075556,8541","109288724,5519","170658107,2599","0,6403",A
2011,"Road-650 Red, 48","3063395,7372","112352120,2891","170658107,2599","0,6583",A
2011,"Road-650 Red, 62","3031084,5154","115383204,8045","170658107,2599","0,6761",A
2011,"Road-150 Red, 62","2974445,955","118357650,7595","170658107,2599","0,6935",A
2011,"Road-450 Red, 44","2860587,8233","121218238,5828","170658107,2599","0,7102",B
2011,"Road-650 Black, 44","2825567,7788","124043806,3616","170658107,2599","0,7268",B
2011,"LL Road Frame - Red, 60","2788058,4561","126831864,8177","170658107,2599","0,7431",B
2011,"HL Mountain Frame - Black, 48","2777364,6485","129609229,4662","170658107,2599","0,7594",B
2011,"LL Road Frame - Red, 44","2751820,8021","132361050,2683","170658107,2599","0,7755",B
2011,"Road-450 Red, 60","2707458,1312","135068508,3995","170658107,2599","0,7914",B
2011,"LL Road Frame - Black, 52","2695952,9522","137764461,3517","170658107,2599","0,8072",B
2011,"Road-650 Black, 60","2695787,7641","140460249,1158","170658107,2599","0,823",B
2011,"Road-650 Red, 52","2653549,7522","143113798,868","170658107,2599","0,8385",B
2011,"HL Mountain Frame - Black, 38","2622598,0413","145736396,9093","170658107,2599","0,8539",B
2011,"HL Mountain Frame - Silver, 46","2463839,1499","148200236,0592","170658107,2599","0,8684",B
2011,"ML Road Frame - Red, 48","2340855,3233","150541091,3825","170658107,2599","0,8821",B
2011,"LL Road Frame - Red, 48","2025560,9131","152566652,2956","170658107,2599","0,8939",B
2011,"LL Road Frame - Red, 62","1985979,9441","154552632,2397","170658107,2599","0,9056",C
2011,"LL Road Frame - Black, 58","1939318,9169","156491951,1566","170658107,2599","0,9169",C
2011,"Road-150 Red, 48","1801725,0321","158293676,1887","170658107,2599","0,9275",C
2011,"Road-150 Red, 44","1766314,9615","160059991,1502","170658107,2599","0,9378",C
2011,"Road-150 Red, 52","1755680,0903","161815671,2405","170658107,2599","0,9481",C
2011,"Road-650 Black, 48","1479606,4817","163295277,7222","170658107,2599","0,9568",C
2011,"Road-650 Black, 62","1428853,9067","164724131,6289","170658107,2599","0,9652",C
2011,"Road-650 Red, 58","1237096,6428","165961228,2717","170658107,2599","0,9724",C
2011,"Road-450 Red, 48","1194380,1193","167155608,391","170658107,2599","0,9794",C
2011,"ML Road Frame - Red, 52","1015061,65","168170670,041","170658107,2599","0,9854",C
2011,"Mountain Bike Socks, L","821112,7168","168991782,7578","170658107,2599","0,9902",C
2011,"HL Mountain Frame - Silver, 42","431546,8229","169423329,5807","170658107,2599","0,9927",C
2011,"LL Road Frame - Black, 44","341705,2293","169765034,81","170658107,2599","0,9947",C
2011,"HL Road Frame - Red, 62","334955,8626","170099990,6726","170658107,2599","0,9967",C
2011,"HL Mountain Frame - Black, 44","248109,7295","170348100,4021","170658107,2599","0,9981",C
2011,"HL Road Frame - Red, 44","203105,6636","170551206,0657","170658107,2599","0,9993",C
2011,"LL Road Frame - Red, 52","103110,4073","170654316,473","170658107,2599","0,9999",C
2011,"LL Road Frame - Black, 60","3790,7869","170658107,2599","170658107,2599","1,00",C
2012,AWC Logo Cap,"16860354,0769","16860354,0769","907299976,8809","0,0185",A
2012,"Long-Sleeve Logo Jersey, L","16769502,2973","33629856,3742","907299976,8809","0,037",A
2012,"Sport-100 Helmet, Blue","15709579,0239","49339435,3981","907299976,8809","0,0543",A
2012,"Sport-100 Helmet, Black","14997006,9576","64336442,3557","907299976,8809","0,0709",A
2012,"Sport-100 Helmet, Red","14777931,6215","79114373,9772","907299976,8809","0,0871",A
2012,"Long-Sleeve Logo Jersey, M","14342786,1473","93457160,1245","907299976,8809","0,103",A
2012,"Long-Sleeve Logo Jersey, XL","14182475,70","107639635,8245","907299976,8809","0,1186",A
2012,"Road-650 Black, 52","13311400,7036","120951036,5281","907299976,8809","0,1333",A
2012,"Road-650 Red, 60","12978437,2674","133929473,7955","907299976,8809","0,1476",A
2012,"Road-650 Black, 58","12951913,7746","146881387,5701","907299976,8809","0,1618",A
2012,"Road-650 Red, 48","12945540,1045","159826927,6746","907299976,8809","0,1761",A
2012,"Road-650 Red, 44","12884101,8896","172711029,5642","907299976,8809","0,1903",A
2012,"Road-650 Red, 62","12764552,0014","185475581,5656","907299976,8809","0,2044",A
2012,"Road-650 Red, 52","12178241,6538","197653823,2194","907299976,8809","0,2178",A
2012,"Road-650 Black, 60","12063370,7086","209717193,928","907299976,8809","0,2311",A
2012,"Women's Tights, S","11869123,9225","221586317,8505","907299976,8809","0,2442",A
2012,"Women's Tights, L","11782771,7972","233369089,6477","907299976,8809","0,2572",A
2012,"Road-650 Black, 44","11721257,9453","245090347,593","907299976,8809","0,2701",A
2012,"LL Road Frame - Black, 52","11378946,4834","256469294,0764","907299976,8809","0,2826",A
2012,"LL Road Frame - Red, 60","11190416,6862","267659710,7626","907299976,8809","0,295",A
2012,"Men's Bib-Shorts, M","11042561,7405","278702272,5031","907299976,8809","0,3071",A
2012,"LL Road Frame - Red, 44","10879225,6953","289581498,1984","907299976,8809","0,3191",A
2012,"Men's Sports Shorts, M","10524250,0132","300105748,2116","907299976,8809","0,3307",A
2012,Minipump,"10376034,4652","310481782,6768","907299976,8809","0,3422",A
2012,Cable Lock,"9917238,2979","320399020,9747","907299976,8809","0,3531",A
2012,"LL Road Frame - Red, 48","9707067,1178","330106088,0925","907299976,8809","0,3638",A
2012,"LL Road Frame - Red, 62","9604467,3595","339710555,452","907299976,8809","0,3744",A
2012,LL Road Rear Wheel,"9580142,4949","349290697,9469","907299976,8809","0,3849",A
2012,"Road-250 Red, 48","9510792,9905","358801490,9374","907299976,8809","0,3954",A
2012,"Road-250 Red, 44","9373838,4151","368175329,3525","907299976,8809","0,4057",A
2012,"Half-Finger Gloves, M","9325021,8143","377500351,1668","907299976,8809","0,416",A
2012,"Road-250 Black, 44","9234565,5985","386734916,7653","907299976,8809","0,4262",A
2012,"Road-550-W Yellow, 38","9216532,1953","395951448,9606","907299976,8809","0,4364",A
2012,"Road-550-W Yellow, 40","9181782,4737","405133231,4343","907299976,8809","0,4465",A
2012,"Road-250 Black, 48","9104871,8735","414238103,3078","907299976,8809","0,4565",A
2012,"Road-550-W Yellow, 48","9037090,4723","423275193,7801","907299976,8809","0,4665",A
2012,"ML Road Frame-W - Yellow, 44","9023724,7226","432298918,5027","907299976,8809","0,4764",A
2012,"LL Road Frame - Black, 58","8984172,5087","441283091,0114","907299976,8809","0,4863",A
2012,HL Road Front Wheel,"8896627,391","450179718,4024","907299976,8809","0,4961",A
2012,"HL Mountain Frame - Silver, 38","8609343,1573","458789061,5597","907299976,8809","0,5056",A
2012,"HL Mountain Frame - Black, 42","8482909,7694","467271971,3291","907299976,8809","0,515",A
2012,"Road-650 Black, 48","8415634,2199","475687605,549","907299976,8809","0,5242",A
2012,"Men's Bib-Shorts, S","8396224,3073","484083829,8563","907299976,8809","0,5335",A
2012,ML Road Front Wheel,"8395452,3017","492479282,158","907299976,8809","0,5427",A
2012,"Road-250 Red, 52","8294244,634","500773526,792","907299976,8809","0,5519",A
2012,"ML Road Frame-W - Yellow, 48","8294036,8809","509067563,6729","907299976,8809","0,561",A
2012,"Road-650 Black, 62","8290382,5449","517357946,2178","907299976,8809","0,5702",A
2012,"Road-250 Black, 52","8243762,996","525601709,2138","907299976,8809","0,5793",A
2012,"Men's Bib-Shorts, L","8085359,3627","533687068,5765","907299976,8809","0,5882",A
2012,"ML Road Frame-W - Yellow, 38","8073369,271","541760437,8475","907299976,8809","0,5971",A
2012,"Road-550-W Yellow, 42","7901745,67","549662183,5175","907299976,8809","0,6058",A
2012,"Road-650 Red, 58","7832807,8826","557494991,4001","907299976,8809","0,6144",A
2012,"Mountain-200 Black, 42","7646052,3003","565141043,7004","907299976,8809","0,6228",A
2012,"Full-Finger Gloves, L","7635659,1507","572776702,8511","907299976,8809","0,6312",A
2012,"Mountain-200 Black, 38","7622233,6061","580398936,4572","907299976,8809","0,6396",A
2012,"Mountain-200 Silver, 46","7560464,945","587959401,4022","907299976,8809","0,648",A
2012,"Full-Finger Gloves, M","7481749,8274","595441151,2296","907299976,8809","0,6562",A
2012,"Mountain-200 Silver, 42","7387076,9156","602828228,1452","907299976,8809","0,6644",A
2012,"Mountain-200 Silver, 38","7190654,3274","610018882,4726","907299976,8809","0,6723",A
2012,ML Mountain Rear Wheel,"7050006,6241","617068889,0967","907299976,8809","0,6801",A
2012,HL Mountain Rear Wheel,"7008495,8993","624077384,996","907299976,8809","0,6878",A
2012,"Mountain-200 Black, 46","7001126,6571","631078511,6531","907299976,8809","0,6955",A
2012,"ML Mountain Frame - Black, 48","6964908,2342","638043419,8873","907299976,8809","0,7032",B
2012,ML Mountain Handlebars,"6928303,4092","644971723,2965","907299976,8809","0,7108",B
2012,"Mountain-300 Black, 40","6887145,2465","651858868,543","907299976,8809","0,7184",B
2012,"Mountain-300 Black, 44","6807006,4909","658665875,0339","907299976,8809","0,7259",B
2012,LL Mountain Front Wheel,"6744835,3049","665410710,3388","907299976,8809","0,7333",B
2012,"Mountain-300 Black, 48","6717005,833","672127716,1718","907299976,8809","0,7407",B
2012,HL Road Handlebars,"6715388,341","678843104,5128","907299976,8809","0,7482",B
2012,"Mountain-300 Black, 38","6622222,5664","685465327,0792","907299976,8809","0,7555",B
2012,"ML Mountain Frame - Black, 38","6459156,9311","691924484,0103","907299976,8809","0,7626",B
2012,"ML Mountain Frame - Black, 44","6383831,848","698308315,8583","907299976,8809","0,7696",B
2012,"Men's Sports Shorts, S","6062053,9063","704370369,7646","907299976,8809","0,7763",B
2012,"Half-Finger Gloves, S","5674343,1735","710044712,9381","907299976,8809","0,7825",B
2012,"HL Road Frame - Red, 44","5611253,2899","715655966,228","907299976,8809","0,7887",B
2012,"Men's Sports Shorts, L","5407445,6228","721063411,8508","907299976,8809","0,7947",B
2012,"HL Mountain Frame - Black, 38","5371730,4662","726435142,317","907299976,8809","0,8006",B
2012,LL Mountain Rear Wheel,"5280273,375","731715415,692","907299976,8809","0,8064",B
2012,"HL Mountain Frame - Silver, 46","5238987,6779","736954403,3699","907299976,8809","0,8122",B
2012,"Women's Tights, M","5140448,9062","742094852,2761","907299976,8809","0,8179",B
2012,"HL Road Frame - Red, 62","5129594,4531","747224446,7292","907299976,8809","0,8235",B
2012,"Full-Finger Gloves, S","4881372,0807","752105818,8099","907299976,8809","0,8289",B
2012,LL Mountain Handlebars,"4865340,8062","756971159,6161","907299976,8809","0,8343",B
2012,"Road-250 Red, 58","4829626,1269","761800785,743","907299976,8809","0,8396",B
2012,"HL Road Frame - Black, 44","4826304,2838","766627090,0268","907299976,8809","0,8449",B
2012,"Road-250 Black, 58","4683938,1513","771311028,1781","907299976,8809","0,8501",B
2012,"Road-550-W Yellow, 44","4566982,3994","775878010,5775","907299976,8809","0,8551",B
2012,ML Mountain Front Wheel,"4526155,6485","780404166,226","907299976,8809","0,8601",B
2012,"Half-Finger Gloves, L","4179047,6719","784583213,8979","907299976,8809","0,8647",B
2012,HL Mountain Handlebars,"4099846,7196","788683060,6175","907299976,8809","0,8692",B
2012,"Mountain-100 Black, 38","3983934,2939","792666994,9114","907299976,8809","0,8736",B
2012,"Mountain-100 Black, 44","3952576,1194","796619571,0308","907299976,8809","0,878",B
2012,"Mountain-100 Silver, 44","3928377,4913","800547948,5221","907299976,8809","0,8823",B
2012,"Mountain-100 Silver, 38","3844807,8096","804392756,3317","907299976,8809","0,8865",B
2012,"Mountain-100 Black, 48","3838863,1057","808231619,4374","907299976,8809","0,8908",B
2012,HL Mountain Front Wheel,"3765421,4139","811997040,8513","907299976,8809","0,8949",B
2012,"Mountain-100 Silver, 42","3758509,9166","815755550,7679","907299976,8809","0,8991",B
2012,"Mountain-100 Silver, 48","3723654,9429","819479205,7108","907299976,8809","0,9032",C
2012,"Mountain-100 Black, 42","3708339,2059","823187544,9167","907299976,8809","0,9072",C
2012,HL Headset,"3676797,7358","826864342,6525","907299976,8809","0,9113",C
2012,"HL Mountain Frame - Silver, 42","3670425,875","830534768,5275","907299976,8809","0,9153",C
2012,HL Fork,"3653857,0863","834188625,6138","907299976,8809","0,9194",C
2012,ML Headset,"3609307,4929","837797933,1067","907299976,8809","0,9233",C
2012,"Mountain Bike Socks, M","3603655,5988","841401588,7055","907299976,8809","0,9273",C
2012,"Road-150 Red, 56","3538138,5734","844939727,2789","907299976,8809","0,9312",C
2012,LL Fork,"3513431,691","848453158,9699","907299976,8809","0,9351",C
2012,LL Road Handlebars,"3341415,5061","851794574,476","907299976,8809","0,9388",C
2012,"Road-150 Red, 62","3308597,8411","855103172,3171","907299976,8809","0,9424",C
2012,"Road-450 Red, 52","3264705,0595","858367877,3766","907299976,8809","0,946",C
2012,"ML Road Frame-W - Yellow, 40","3253742,8448","861621620,2214","907299976,8809","0,9496",C
2012,"LL Road Frame - Black, 44","3191731,6833","864813351,9047","907299976,8809","0,9531",C
2012,"Road-450 Red, 58","3124442,2107","867937794,1154","907299976,8809","0,9566",C
2012,HL Road Rear Wheel,"3002230,5834","870940024,6988","907299976,8809","0,9599",C
2012,"Road-450 Red, 44","2960846,6297","873900871,3285","907299976,8809","0,9631",C
2012,"Road-450 Red, 60","2915694,1683","876816565,4968","907299976,8809","0,9664",C
2012,"LL Road Frame - Red, 52","2517780,377","879334345,8738","907299976,8809","0,9691",C
2012,LL Headset,"2514492,5068","881848838,3806","907299976,8809","0,9719",C
2012,"Road-150 Red, 48","2480538,0318","884329376,4124","907299976,8809","0,9746",C
2012,"Road-150 Red, 52","2443750,0213","886773126,4337","907299976,8809","0,9773",C
2012,"Road-150 Red, 44","2387372,8023","889160499,236","907299976,8809","0,98",C
2012,"HL Mountain Frame - Silver, 48","2330026,3858","891490525,6218","907299976,8809","0,9825",C
2012,"LL Road Frame - Black, 60","2160780,394","893651306,0158","907299976,8809","0,9849",C
2012,"ML Mountain Frame - Black, 40","2065370,0396","895716676,0554","907299976,8809","0,9872",C
2012,ML Road Rear Wheel,"1945603,5867","897662279,6421","907299976,8809","0,9893",C
2012,"ML Road Frame - Red, 48","1814760,7735","899477040,4156","907299976,8809","0,9913",C
2012,"Road-450 Red, 48","1806647,6183","901283688,0339","907299976,8809","0,9933",C
2012,"HL Road Frame - Red, 48","1703977,2282","902987665,2621","907299976,8809","0,9952",C
2012,"HL Mountain Frame - Black, 48","1658749,6133","904646414,8754","907299976,8809","0,997",C
2012,"HL Road Frame - Black, 48","1573358,4626","906219773,338","907299976,8809","0,9988",C
2012,"ML Road Frame - Red, 52","610290,6344","906830063,9724","907299976,8809","0,9994",C
2012,"Mountain Bike Socks, L","267244,2371","907097308,2095","907299976,8809","0,9997",C
2012,"HL Mountain Frame - Black, 44","202668,6714","907299976,8809","907299976,8809","1,00",C
2013,AWC Logo Cap,"19748916,8633","19748916,8633","1332293319,0836","0,0148",A
2013,"Long-Sleeve Logo Jersey, L","18835538,2092","38584455,0725","1332293319,0836","0,0289",A
2013,"Sport-100 Helmet, Blue","18425788,2682","57010243,3407","1332293319,0836","0,0427",A
2013,"Sport-100 Helmet, Black","18036867,3941","75047110,7348","1332293319,0836","0,0563",A
2013,"Sport-100 Helmet, Red","17010765,5132","92057876,248","1332293319,0836","0,069",A
2013,"Half-Finger Gloves, M","15994171,0935","108052047,3415","1332293319,0836","0,0811",A
2013,"Long-Sleeve Logo Jersey, M","15676081,7975","123728129,139","1332293319,0836","0,0928",A
2013,Water Bottle - 30 oz.,"13345553,629","137073682,768","1332293319,0836","0,1028",A
2013,"Half-Finger Gloves, S","12760422,6359","149834105,4039","1332293319,0836","0,1124",A
2013,"Road-250 Black, 44","12659459,4248","162493564,8287","1332293319,0836","0,1219",A
2013,"Long-Sleeve Logo Jersey, XL","12399357,406","174892922,2347","1332293319,0836","0,1312",A
2013,"Road-550-W Yellow, 38","12368233,3017","187261155,5364","1332293319,0836","0,1405",A
2013,"Road-550-W Yellow, 48","12332439,7914","199593595,3278","1332293319,0836","0,1498",A
2013,"Mountain-200 Black, 38","12258403,9663","211851999,2941","1332293319,0836","0,159",A
2013,"Road-250 Black, 48","12200922,4168","224052921,7109","1332293319,0836","0,1681",A
2013,"Road-550-W Yellow, 40","12138691,6564","236191613,3673","1332293319,0836","0,1772",A
2013,"Mountain-200 Silver, 38","11923032,3108","248114645,6781","1332293319,0836","0,1862",A
2013,"Short-Sleeve Classic Jersey, L","11905961,1323","260020606,8104","1332293319,0836","0,1951",A
2013,Bike Wash - Dissolver,"11834535,3791","271855142,1895","1332293319,0836","0,204",A
2013,"Mountain-200 Black, 42","11830936,1918","283686078,3813","1332293319,0836","0,2129",A
2013,"Mountain-200 Black, 46","11803282,5941","295489360,9754","1332293319,0836","0,2217",A
2013,"Short-Sleeve Classic Jersey, XL","11759539,2897","307248900,2651","1332293319,0836","0,2306",A
2013,"Mountain-200 Silver, 42","11628960,0522","318877860,3173","1332293319,0836","0,2393",A
2013,"Classic Vest, S","11478707,3576","330356567,6749","1332293319,0836","0,2479",A
2013,"Mountain-200 Silver, 46","11437131,9858","341793699,6607","1332293319,0836","0,2565",A
2013,Hitch Rack - 4-Bike,"11382391,8515","353176091,5122","1332293319,0836","0,265",A
2013,"ML Road Frame-W - Yellow, 44","11092118,2687","364268209,7809","1332293319,0836","0,2734",A
2013,Hydration Pack - 70 oz.,"11065833,306","375334043,0869","1332293319,0836","0,2817",A
2013,"Classic Vest, M","10896254,2822","386230297,3691","1332293319,0836","0,2898",A
2013,ML Mountain Handlebars,"10832286,164","397062583,5331","1332293319,0836","0,298",A
2013,"Road-250 Black, 52","10678450,8862","407741034,4193","1332293319,0836","0,306",A
2013,"LL Road Frame - Black, 52","10549896,4606","418290930,8799","1332293319,0836","0,3139",A
2013,"Short-Sleeve Classic Jersey, S","10540784,7318","428831715,6117","1332293319,0836","0,3218",A
2013,"Road-550-W Yellow, 42","10312551,4076","439144267,0193","1332293319,0836","0,3296",A
2013,"HL Mountain Frame - Black, 42","9523527,2365","448667794,2558","1332293319,0836","0,3367",A
2013,"HL Mountain Frame - Silver, 38","9489021,9634","458156816,2192","1332293319,0836","0,3438",A
2013,"ML Road Frame-W - Yellow, 38","9263581,3863","467420397,6055","1332293319,0836","0,3508",A
2013,"ML Road Frame-W - Yellow, 48","8993277,3053","476413674,9108","1332293319,0836","0,3575",A
2013,"Half-Finger Gloves, L","8157315,1337","484570990,0445","1332293319,0836","0,3637",A
2013,"LL Road Frame - Black, 58","7825872,7063","492396862,7508","1332293319,0836","0,3695",A
2013,"Women's Tights, L","7390989,3654","499787852,1162","1332293319,0836","0,3751",A
2013,"Road-350-W Yellow, 48","7390224,1627","507178076,2789","1332293319,0836","0,3806",A
2013,"Road-350-W Yellow, 40","7356039,9254","514534116,2043","1332293319,0836","0,3862",A
2013,"Women's Tights, S","7284589,6388","521818705,8431","1332293319,0836","0,3916",A
2013,"Women's Mountain Shorts, M","7238488,8569","529057194,70","1332293319,0836","0,3971",A
2013,"Racing Socks, L","7199483,554","536256678,254","1332293319,0836","0,4025",A
2013,"Road-750 Black, 48","7180253,4921","543436931,7461","1332293319,0836","0,4078",A
2013,LL Road Pedal,"7146033,5035","550582965,2496","1332293319,0836","0,4132",A
2013,"Women's Mountain Shorts, S","7108762,6291","557691727,8787","1332293319,0836","0,4185",A
2013,"Road-750 Black, 52","7105949,0884","564797676,9671","1332293319,0836","0,4239",A
2013,"Racing Socks, M","7080327,667","571878004,6341","1332293319,0836","0,4292",A
2013,Patch Kit/8 Patches,"7078327,8681","578956332,5022","1332293319,0836","0,4345",A
2013,"Touring-1000 Yellow, 60","7052952,4454","586009284,9476","1332293319,0836","0,4398",A
2013,LL Mountain Handlebars,"7036447,2123","593045732,1599","1332293319,0836","0,4451",A
2013,"Touring-1000 Blue, 60","7031421,3273","600077153,4872","1332293319,0836","0,4504",A
2013,"Road-250 Red, 58","6983744,0597","607060897,5469","1332293319,0836","0,4556",A
2013,"Touring-1000 Blue, 46","6982653,0232","614043550,5701","1332293319,0836","0,4608",A
2013,"Touring-1000 Yellow, 46","6943610,089","620987160,6591","1332293319,0836","0,4661",A
2013,HL Road Handlebars,"6893444,328","627880604,9871","1332293319,0836","0,4712",A
2013,"Touring-2000 Blue, 60","6879977,0327","634760582,0198","1332293319,0836","0,4764",A
2013,"Women's Mountain Shorts, L","6851772,7853","641612354,8051","1332293319,0836","0,4815",A
2013,ML Road Pedal,"6829628,5786","648441983,3837","1332293319,0836","0,4867",A
2013,"ML Mountain Frame-W - Silver, 40","6819793,57","655261776,9537","1332293319,0836","0,4918",A
2013,"Touring-3000 Blue, 50","6814852,4562","662076629,4099","1332293319,0836","0,4969",A
2013,"Road-350-W Yellow, 42","6810273,8272","668886903,2371","1332293319,0836","0,502",A
2013,"LL Mountain Frame - Black, 44","6803943,579","675690846,8161","1332293319,0836","0,5071",A
2013,"Touring-3000 Yellow, 62","6778234,0572","682469080,8733","1332293319,0836","0,5122",A
2013,"Touring-2000 Blue, 54","6775540,6952","689244621,5685","1332293319,0836","0,5173",A
2013,"Road-250 Black, 58","6772440,9207","696017062,4892","1332293319,0836","0,5224",A
2013,HL Road Pedal,"6712169,1711","702729231,6603","1332293319,0836","0,5274",A
2013,"ML Mountain Frame-W - Silver, 42","6684020,7846","709413252,4449","1332293319,0836","0,5324",A
2013,"Touring-3000 Yellow, 44","6631161,5693","716044414,0142","1332293319,0836","0,5374",A
2013,"Road-550-W Yellow, 44","6607093,1264","722651507,1406","1332293319,0836","0,5424",A
2013,HL Mountain Pedal,"6590278,4222","729241785,5628","1332293319,0836","0,5473",A
2013,HL Mountain Seat/Saddle,"6557522,9635","735799308,5263","1332293319,0836","0,5522",A
2013,"Road-750 Black, 58","6525194,5386","742324503,0649","1332293319,0836","0,5571",A
2013,"LL Mountain Frame - Silver, 42","6437816,3075","748762319,3724","1332293319,0836","0,562",A
2013,Front Brakes,"6387892,0268","755150211,3992","1332293319,0836","0,5668",A
2013,LL Mountain Pedal,"6368554,6373","761518766,0365","1332293319,0836","0,5715",A
2013,Front Derailleur,"6362212,8944","767880978,9309","1332293319,0836","0,5763",A
2013,"Touring-1000 Blue, 50","6322956,9495","774203935,8804","1332293319,0836","0,5811",A
2013,"Mountain-500 Silver, 40","6291863,895","780495799,7754","1332293319,0836","0,5858",A
2013,"Road-650 Black, 58","6256708,9822","786752508,7576","1332293319,0836","0,5905",A
2013,"Road-650 Red, 60","6187450,7545","792939959,5121","1332293319,0836","0,5951",A
2013,"Touring-3000 Yellow, 50","6139173,5845","799079133,0966","1332293319,0836","0,5997",A
2013,"Road-650 Black, 52","6136577,3282","805215710,4248","1332293319,0836","0,6043",A
2013,"Touring-3000 Blue, 54","6120092,7313","811335803,1561","1332293319,0836","0,6089",A
2013,"Touring-1000 Yellow, 50","6117827,0315","817453630,1876","1332293319,0836","0,6135",A
2013,"Road-650 Red, 62","6112708,5576","823566338,7452","1332293319,0836","0,6181",A
2013,"LL Mountain Frame - Black, 48","6096933,9349","829663272,6801","1332293319,0836","0,6227",A
2013,Chain,"6091064,5735","835754337,2536","1332293319,0836","0,6273",A
2013,"Road-650 Red, 48","6071471,0569","841825808,3105","1332293319,0836","0,6318",A
2013,"Road-650 Red, 44","6048082,1153","847873890,4258","1332293319,0836","0,6364",A
2013,"Mountain-500 Silver, 48","6013457,1321","853887347,5579","1332293319,0836","0,6409",A
2013,ML Mountain Pedal,"5983109,026","859870456,5839","1332293319,0836","0,6454",A
2013,"Touring-2000 Blue, 46","5931888,6413","865802345,2252","1332293319,0836","0,6498",A
2013,HL Crankset,"5916615,3862","871718960,6114","1332293319,0836","0,6542",A
2013,HL Touring Seat/Saddle,"5903300,7228","877622261,3342","1332293319,0836","0,6587",A
2013,"Road-650 Black, 60","5901649,1021","883523910,4363","1332293319,0836","0,6631",A
2013,"Men's Bib-Shorts, M","5880750,6396","889404661,0759","1332293319,0836","0,6675",A
2013,HL Mountain Handlebars,"5876218,3919","895280879,4678","1332293319,0836","0,6719",A
2013,"Mountain-500 Black, 48","5862945,5618","901143825,0296","1332293319,0836","0,6763",A
2013,"Road-250 Red, 44","5859877,0555","907003702,0851","1332293319,0836","0,6807",A
2013,HL Bottom Bracket,"5856547,1736","912860249,2587","1332293319,0836","0,6851",A
2013,"LL Mountain Frame - Black, 42","5843061,6779","918703310,9366","1332293319,0836","0,6895",A
2013,"Mountain-500 Silver, 52","5790652,0914","924493963,028","1332293319,0836","0,6939",A
2013,"Mountain-500 Silver, 42","5788851,015","930282814,043","1332293319,0836","0,6982",A
2013,"Men's Sports Shorts, M","5773720,4662","936056534,5092","1332293319,0836","0,7025",B
2013,"Mountain-400-W Silver, 40","5772008,1407","941828542,6499","1332293319,0836","0,7069",B
2013,"Touring-3000 Blue, 58","5766534,78","947595077,4299","1332293319,0836","0,7112",B
2013,"LL Mountain Frame - Silver, 44","5716437,5219","953311514,9518","1332293319,0836","0,7155",B
2013,LL Mountain Seat/Saddle,"5713734,225","959025249,1768","1332293319,0836","0,7198",B
2013,LL Road Rear Wheel,"5708025,9403","964733275,1171","1332293319,0836","0,7241",B
2013,"Touring-3000 Yellow, 54","5699743,5205","970433018,6376","1332293319,0836","0,7283",B
2013,"Road-650 Black, 44","5665985,5665","976099004,2041","1332293319,0836","0,7326",B
2013,"Mountain-500 Black, 42","5637745,769","981736749,9731","1332293319,0836","0,7368",B
2013,"Road-650 Red, 52","5614533,2054","987351283,1785","1332293319,0836","0,741",B
2013,LL Crankset,"5558273,1083","992909556,2868","1332293319,0836","0,7452",B
2013,"HL Touring Frame - Blue, 54","5535541,0883","998445097,3751","1332293319,0836","0,7494",B
2013,"Road-250 Red, 48","5520923,642","1003966021,0171","1332293319,0836","0,7535",B
2013,"HL Mountain Frame - Silver, 46","5477696,9542","1009443717,9713","1332293319,0836","0,7576",B
2013,"HL Mountain Frame - Black, 38","5471830,7075","1014915548,6788","1332293319,0836","0,7617",B
2013,"LL Mountain Frame - Silver, 52","5448458,6572","1020364007,336","1332293319,0836","0,7658",B
2013,"LL Mountain Frame - Silver, 40","5425766,2118","1025789773,5478","1332293319,0836","0,7699",B
2013,"HL Touring Frame - Yellow, 54","5422865,7327","1031212639,2805","1332293319,0836","0,774",B
2013,LL Bottom Bracket,"5384986,1591","1036597625,4396","1332293319,0836","0,778",B
2013,"HL Road Frame - Black, 44","5376889,2964","1041974514,736","1332293319,0836","0,782",B
2013,Minipump,"5290374,6943","1047264889,4303","1332293319,0836","0,786",B
2013,"HL Road Frame - Red, 44","5269175,8621","1052534065,2924","1332293319,0836","0,79",B
2013,Rear Derailleur,"5265202,1428","1057799267,4352","1332293319,0836","0,7939",B
2013,"HL Road Frame - Red, 62","5191367,8961","1062990635,3313","1332293319,0836","0,7978",B
2013,"Mountain-500 Silver, 44","5126958,4438","1068117593,7751","1332293319,0836","0,8017",B
2013,Cable Lock,"5118366,7945","1073235960,5696","1332293319,0836","0,8055",B
2013,ML Mountain Seat/Saddle,"5074701,1256","1078310661,6952","1332293319,0836","0,8093",B
2013,Rear Brakes,"4879772,1412","1083190433,8364","1332293319,0836","0,813",B
2013,"Road-250 Red, 52","4789961,7435","1087980395,5799","1332293319,0836","0,8166",B
2013,"HL Touring Frame - Blue, 60","4773627,0589","1092754022,6388","1332293319,0836","0,8202",B
2013,"Mountain-500 Black, 44","4748179,1542","1097502201,793","1332293319,0836","0,8237",B
2013,"LL Touring Frame - Blue, 50","4679980,2322","1102182182,0252","1332293319,0836","0,8272",B
2013,"Men's Bib-Shorts, S","4631945,4006","1106814127,4258","1332293319,0836","0,8307",B
2013,"HL Touring Frame - Yellow, 60","4591334,0179","1111405461,4437","1332293319,0836","0,8342",B
2013,"LL Touring Frame - Yellow, 44","4507295,8166","1115912757,2603","1332293319,0836","0,8375",B
2013,"LL Touring Frame - Yellow, 62","4448969,7842","1120361727,0445","1332293319,0836","0,8409",B
2013,"LL Touring Frame - Yellow, 50","4429694,6075","1124791421,652","1332293319,0836","0,8442",B
2013,"Full-Finger Gloves, M","4426687,5298","1129218109,1818","1332293319,0836","0,8475",B
2013,HL Touring Handlebars,"4421117,6748","1133639226,8566","1332293319,0836","0,8508",B
2013,"LL Road Frame - Red, 60","4340431,3015","1137979658,1581","1332293319,0836","0,8541",B
2013,"Full-Finger Gloves, L","4246616,4625","1142226274,6206","1332293319,0836","0,8573",B
2013,ML Mountain Rear Wheel,"4201725,3199","1146427999,9405","1332293319,0836","0,8604",B
2013,"LL Road Frame - Red, 44","4197228,6478","1150625228,5883","1332293319,0836","0,8636",B
2013,HL Mountain Rear Wheel,"4141224,6962","1154766453,2845","1332293319,0836","0,8667",B
2013,"ML Mountain Frame - Black, 48","4137043,1728","1158903496,4573","1332293319,0836","0,8698",B
2013,"Road-350-W Yellow, 44","4072858,7906","1162976355,2479","1332293319,0836","0,8729",B
2013,"Mountain-300 Black, 44","4024440,1435","1167000795,3914","1332293319,0836","0,8759",B
2013,"Mountain-300 Black, 48","4020910,187","1171021705,5784","1332293319,0836","0,8789",B
2013,"Mountain-300 Black, 40","3983920,9217","1175005626,5001","1332293319,0836","0,8819",B
2013,"Mountain-300 Black, 38","3959538,2324","1178965164,7325","1332293319,0836","0,8849",B
2013,"LL Touring Frame - Blue, 54","3950990,148","1182916154,8805","1332293319,0836","0,8878",B
2013,"ML Mountain Frame-W - Silver, 46","3772243,2583","1186688398,1388","1332293319,0836","0,8907",B
2013,"LL Road Frame - Red, 62","3766937,9093","1190455336,0481","1332293319,0836","0,8935",B
2013,"ML Mountain Frame - Black, 38","3715753,413","1194171089,4611","1332293319,0836","0,8963",B
2013,"Touring-1000 Blue, 54","3687114,1917","1197858203,6528","1332293319,0836","0,899",B
2013,HL Road Front Wheel,"3659976,3952","1201518180,048","1332293319,0836","0,9018",C
2013,ML Road Front Wheel,"3583536,3287","1205101716,3767","1332293319,0836","0,9045",C
2013,Touring Pedal,"3580177,2936","1208681893,6703","1332293319,0836","0,9072",C
2013,"Road-650 Black, 62","3560310,5171","1212242204,1874","1332293319,0836","0,9098",C
2013,"HL Mountain Frame - Silver, 42","3483415,0918","1215725619,2792","1332293319,0836","0,9125",C
2013,"Road-650 Black, 48","3406477,9632","1219132097,2424","1332293319,0836","0,915",C
2013,"Road-650 Red, 58","3361334,4456","1222493431,688","1332293319,0836","0,9175",C
2013,"LL Road Frame - Red, 48","3356773,9252","1225850205,6132","1332293319,0836","0,9201",C
2013,"ML Mountain Frame - Black, 44","3299869,0672","1229150074,6804","1332293319,0836","0,9225",C
2013,LL Mountain Front Wheel,"3222183,3793","1232372258,0597","1332293319,0836","0,925",C
2013,"Touring-3000 Yellow, 58","3203503,0479","1235575761,1076","1332293319,0836","0,9274",C
2013,"Road-750 Black, 44","3162214,0648","1238737975,1724","1332293319,0836","0,9297",C
2013,"HL Touring Frame - Blue, 50","3156849,5686","1241894824,741","1332293319,0836","0,9321",C
2013,"Touring-3000 Blue, 44","3072657,009","1244967481,75","1332293319,0836","0,9344",C
2013,"Mountain-500 Black, 40","3041905,8404","1248009387,5904","1332293319,0836","0,9367",C
2013,"Mountain-400-W Silver, 38","3030666,9294","1251040054,5198","1332293319,0836","0,939",C
2013,"Touring-1000 Yellow, 54","2994965,1486","1254035019,6684","1332293319,0836","0,9412",C
2013,"Mountain-400-W Silver, 46","2987685,9188","1257022705,5872","1332293319,0836","0,9435",C
2013,"Men's Sports Shorts, S","2953134,8416","1259975840,4288","1332293319,0836","0,9457",C
2013,"Mountain-400-W Silver, 42","2922709,4674","1262898549,8962","1332293319,0836","0,9479",C
2013,HL Road Seat/Saddle,"2854316,3474","1265752866,2436","1332293319,0836","0,95",C
2013,"Mountain-500 Black, 52","2776771,5443","1268529637,7879","1332293319,0836","0,9521",C
2013,"Men's Bib-Shorts, L","2746051,5505","1271275689,3384","1332293319,0836","0,9542",C
2013,"HL Touring Frame - Blue, 46","2678233,8506","1273953923,189","1332293319,0836","0,9562",C
2013,ML Touring Seat/Saddle,"2616049,4591","1276569972,6481","1332293319,0836","0,9581",C
2013,"LL Road Frame - Black, 44","2576280,7245","1279146253,3726","1332293319,0836","0,9601",C
2013,"HL Touring Frame - Yellow, 50","2566197,3583","1281712450,7309","1332293319,0836","0,962",C
2013,"Men's Sports Shorts, L","2433884,8535","1284146335,5844","1332293319,0836","0,9638",C
2013,"ML Road Frame-W - Yellow, 40","2430413,1273","1286576748,7117","1332293319,0836","0,9656",C
2013,LL Road Handlebars,"2401086,9707","1288977835,6824","1332293319,0836","0,9674",C
2013,"Touring-2000 Blue, 50","2355752,6486","1291333588,331","1332293319,0836","0,9692",C
2013,"Touring-3000 Blue, 62","2312700,0023","1293646288,3333","1332293319,0836","0,9709",C
2013,LL Touring Seat/Saddle,"2187249,4305","1295833537,7638","1332293319,0836","0,9726",C
2013,"Women's Tights, M","2141507,1922","1297975044,956","1332293319,0836","0,9742",C
2013,LL Touring Handlebars,"1940251,4819","1299915296,4379","1332293319,0836","0,9756",C
2013,"HL Touring Frame - Yellow, 46","1924910,0247","1301840206,4626","1332293319,0836","0,9771",C
2013,HL Fork,"1917513,7148","1303757720,1774","1332293319,0836","0,9785",C
2013,ML Headset,"1838964,5696","1305596684,747","1332293319,0836","0,9799",C
2013,ML Crankset,"1802344,1146","1307399028,8616","1332293319,0836","0,9813",C
2013,"HL Road Frame - Black, 48","1782110,0586","1309181138,9202","1332293319,0836","0,9826",C
2013,"LL Road Frame - Black, 60","1772406,5849","1310953545,5051","1332293319,0836","0,9839",C
2013,HL Headset,"1735977,2014","1312689522,7065","1332293319,0836","0,9852",C
2013,"HL Road Frame - Red, 48","1572440,687","1314261963,3935","1332293319,0836","0,9864",C
2013,"Full-Finger Gloves, S","1530140,0991","1315792103,4926","1332293319,0836","0,9876",C
2013,LL Mountain Rear Wheel,"1516975,7165","1317309079,2091","1332293319,0836","0,9887",C
2013,"LL Touring Frame - Yellow, 58","1400514,711","1318709593,9201","1332293319,0836","0,9898",C
2013,ML Mountain Front Wheel,"1355260,5526","1320064854,4727","1332293319,0836","0,9908",C
2013,Road Bottle Cage,"1191042,5225","1321255896,9952","1332293319,0836","0,9917",C
2013,"LL Mountain Frame - Silver, 48","1185136,775","1322441033,7702","1332293319,0836","0,9926",C
2013,Fender Set - Mountain,"1016454,3209","1323457488,0911","1332293319,0836","0,9933",C
2013,Mountain Bottle Cage,"970268,1247","1324427756,2158","1332293319,0836","0,994",C
2013,"LL Touring Frame - Blue, 44","937237,9966","1325364994,2124","1332293319,0836","0,9947",C
2013,LL Fork,"866063,5367","1326231057,7491","1332293319,0836","0,9954",C
2013,HL Mountain Front Wheel,"703120,158","1326934177,9071","1332293319,0836","0,9959",C
2013,HL Mountain Tire,"611164,3541","1327545342,2612","1332293319,0836","0,9964",C
2013,Road Tire Tube,"554719,2316","1328100061,4928","1332293319,0836","0,9968",C
2013,Mountain Tire Tube,"533879,8142","1328633941,307","1332293319,0836","0,9972",C
2013,HL Road Tire,"397720,483","1329031661,79","1332293319,0836","0,9975",C
2013,"LL Mountain Frame - Black, 40","329547,7348","1329361209,5248","1332293319,0836","0,9977",C
2013,"LL Touring Frame - Blue, 62","318889,6168","1329680099,1416","1332293319,0836","0,998",C
2013,"LL Mountain Frame - Black, 52","287332,9524","1329967432,094","1332293319,0836","0,9982",C
2013,ML Road Tire,"276011,2771","1330243443,3711","1332293319,0836","0,9984",C
2013,Touring Tire,"232939,3052","1330476382,6763","1332293319,0836","0,9986",C
2013,"Short-Sleeve Classic Jersey, M","219759,0125","1330696141,6888","1332293319,0836","0,9988",C
2013,"ML Mountain Frame-W - Silver, 38","218894,6786","1330915036,3674","1332293319,0836","0,9989",C
2013,Touring Tire Tube,"214185,4141","1331129221,7815","1332293319,0836","0,9991",C
2013,"Classic Vest, L","190863,496","1331320085,2775","1332293319,0836","0,9992",C
2013,LL Road Seat/Saddle,"175165,5368","1331495250,8143","1332293319,0836","0,9994",C
2013,"LL Road Frame - Red, 52","173074,226","1331668325,0403","1332293319,0836","0,9995",C
2013,"LL Touring Frame - Blue, 58","157502,2531","1331825827,2934","1332293319,0836","0,9996",C
2013,LL Road Tire,"126332,7504","1331952160,0438","1332293319,0836","0,9997",C
2013,"Long-Sleeve Logo Jersey, S","118353,9023","1332070513,9461","1332293319,0836","0,9998",C
2013,All-Purpose Bike Stand,"89170,5748","1332159684,5209","1332293319,0836","0,9998",C
2013,ML Mountain Tire,"81780,8353","1332241465,3562","1332293319,0836","0,9999",C
2013,LL Mountain Tire,"47629,213","1332289094,5692","1332293319,0836","0,9999",C
2013,HL Road Rear Wheel,"4224,5144","1332293319,0836","1332293319,0836","1,00",C
2014,Water Bottle - 30 oz.,"8426112,7647","8426112,7647","516718720,817","0,0163",A
2014,AWC Logo Cap,"7743811,68","16169924,4447","516718720,817","0,0312",A
2014,"Short-Sleeve Classic Jersey, XL","7419584,2708","23589508,7155","516718720,817","0,0456",A
2014,"Classic Vest, S","7393639,228","30983147,9435","516718720,817","0,0599",A
2014,"Sport-100 Helmet, Blue","7095208,9427","38078356,8862","516718720,817","0,0736",A
2014,"Sport-100 Helmet, Black","7022442,2347","45100799,1209","516718720,817","0,0872",A
2014,Hitch Rack - 4-Bike,"6810754,4794","51911553,6003","516718720,817","0,1004",A
2014,"Long-Sleeve Logo Jersey, L","6763754,0815","58675307,6818","516718720,817","0,1135",A
2014,"Short-Sleeve Classic Jersey, L","6675363,8287","65350671,5105","516718720,817","0,1264",A
2014,Bike Wash - Dissolver,"6578578,9666","71929250,4771","516718720,817","0,1392",A
2014,"Sport-100 Helmet, Red","6572047,4741","78501297,9512","516718720,817","0,1519",A
2014,Hydration Pack - 70 oz.,"5794527,5486","84295825,4998","516718720,817","0,1631",A
2014,"Classic Vest, M","5739534,62","90035360,1198","516718720,817","0,1742",A
2014,"Touring-1000 Blue, 60","5239206,7426","95274566,8624","516718720,817","0,1843",A
2014,"Touring-1000 Yellow, 46","5211857,6342","100486424,4966","516718720,817","0,1944",A
2014,"Long-Sleeve Logo Jersey, M","5198706,3955","105685130,8921","516718720,817","0,2045",A
2014,"Half-Finger Gloves, M","5128771,9515","110813902,8436","516718720,817","0,2144",A
2014,"Mountain-200 Black, 38","5124094,5766","115937997,4202","516718720,817","0,2243",A
2014,"Touring-1000 Yellow, 60","5118282,67","121056280,0902","516718720,817","0,2342",A
2014,"Touring-1000 Blue, 46","5016151,3242","126072431,4144","516718720,817","0,2439",A
2014,"Mountain-200 Silver, 38","4963008,874","131035440,2884","516718720,817","0,2535",A
2014,"Short-Sleeve Classic Jersey, S","4947239,4709","135982679,7593","516718720,817","0,2631",A
2014,"Touring-2000 Blue, 54","4927495,1172","140910174,8765","516718720,817","0,2727",A
2014,"Touring-1000 Yellow, 50","4817458,931","145727633,8075","516718720,817","0,282",A
2014,"Road-350-W Yellow, 40","4795509,9296","150523143,7371","516718720,817","0,2913",A
2014,"Touring-2000 Blue, 60","4787725,8694","155310869,6065","516718720,817","0,3005",A
2014,"Mountain-200 Silver, 42","4779526,7325","160090396,339","516718720,817","0,3098",A
2014,"Mountain-200 Black, 42","4734579,9764","164824976,3154","516718720,817","0,3189",A
2014,"Road-350-W Yellow, 48","4727401,9428","169552378,2582","516718720,817","0,3281",A
2014,"Women's Mountain Shorts, L","4691023,1235","174243401,3817","516718720,817","0,3372",A
2014,"Touring-3000 Yellow, 62","4663895,1269","178907296,5086","516718720,817","0,3462",A
2014,"Mountain-200 Black, 46","4648824,5261","183556121,0347","516718720,817","0,3552",A
2014,"Touring-3000 Blue, 54","4609167,7353","188165288,77","516718720,817","0,3641",A
2014,"Touring-3000 Blue, 50","4580892,0526","192746180,8226","516718720,817","0,373",A
2014,"Touring-3000 Yellow, 44","4552091,1945","197298272,0171","516718720,817","0,3818",A
2014,"Touring-1000 Blue, 50","4526063,9521","201824335,9692","516718720,817","0,3905",A
2014,"Mountain-200 Silver, 46","4492254,0863","206316590,0555","516718720,817","0,3992",A
2014,"Touring-3000 Yellow, 50","4491854,4183","210808444,4738","516718720,817","0,4079",A
2014,"Women's Mountain Shorts, S","4438545,1865","215246989,6603","516718720,817","0,4165",A
2014,"Road-750 Black, 52","4437032,1889","219684021,8492","516718720,817","0,4251",A
2014,"Road-750 Black, 48","4420249,7213","224104271,5705","516718720,817","0,4337",A
2014,"LL Mountain Frame - Black, 44","4376722,3367","228480993,9072","516718720,817","0,4421",A
2014,"LL Mountain Frame - Silver, 42","4367302,2801","232848296,1873","516718720,817","0,4506",A
2014,"Road-350-W Yellow, 42","4336132,0079","237184428,1952","516718720,817","0,459",A
2014,"ML Mountain Frame-W - Silver, 42","4301738,1733","241486166,3685","516718720,817","0,4673",A
2014,Front Brakes,"4259384,1337","245745550,5022","516718720,817","0,4755",A
2014,ML Mountain Handlebars,"4241848,6285","249987399,1307","516718720,817","0,4837",A
2014,"Road-550-W Yellow, 48","4228852,0442","254216251,1749","516718720,817","0,4919",A
2014,"ML Mountain Frame-W - Silver, 40","4205751,5056","258422002,6805","516718720,817","0,5001",A
2014,HL Mountain Pedal,"4197069,1253","262619071,8058","516718720,817","0,5082",A
2014,"Touring-2000 Blue, 46","4188221,035","266807292,8408","516718720,817","0,5163",A
2014,Front Derailleur,"4183328,2194","270990621,0602","516718720,817","0,5244",A
2014,"Road-250 Black, 44","4169806,0152","275160427,0754","516718720,817","0,5325",A
2014,Chain,"4153949,4804","279314376,5558","516718720,817","0,5405",A
2014,"Road-550-W Yellow, 38","4146817,1732","283461193,729","516718720,817","0,5485",A
2014,LL Road Pedal,"4034590,0787","287495783,8077","516718720,817","0,5563",A
2014,HL Crankset,"4021051,5215","291516835,3292","516718720,817","0,5641",A
2014,"Road-750 Black, 58","4006027,8269","295522863,1561","516718720,817","0,5719",A
2014,"Road-250 Black, 48","3998202,1683","299521065,3244","516718720,817","0,5796",A
2014,HL Bottom Bracket,"3987965,0333","303509030,3577","516718720,817","0,5873",A
2014,"Racing Socks, L","3969457,5036","307478487,8613","516718720,817","0,595",A
2014,"Road-550-W Yellow, 40","3882002,2533","311360490,1146","516718720,817","0,6025",A
2014,"Touring-3000 Blue, 58","3878052,7298","315238542,8444","516718720,817","0,61",A
2014,HL Touring Seat/Saddle,"3745456,6446","318983999,489","516718720,817","0,6173",A
2014,"Women's Mountain Shorts, M","3743436,6581","322727436,1471","516718720,817","0,6245",A
2014,"Touring-3000 Yellow, 54","3684793,3605","326412229,5076","516718720,817","0,6317",A
2014,"Half-Finger Gloves, S","3607366,0766","330019595,5842","516718720,817","0,6386",A
2014,"HL Mountain Frame - Silver, 38","3568046,78","333587642,3642","516718720,817","0,6455",A
2014,"Long-Sleeve Logo Jersey, XL","3384074,255","336971716,6192","516718720,817","0,6521",A
2014,HL Mountain Seat/Saddle,"3383005,6049","340354722,2241","516718720,817","0,6586",A
2014,"HL Touring Frame - Yellow, 54","3336097,6238","343690819,8479","516718720,817","0,6651",A
2014,"HL Touring Frame - Blue, 60","3334097,1034","347024916,9513","516718720,817","0,6715",A
2014,"HL Touring Frame - Blue, 54","3324213,7597","350349130,711","516718720,817","0,678",A
2014,"Mountain-500 Silver, 52","3319922,4667","353669053,1777","516718720,817","0,6844",A
2014,"HL Mountain Frame - Black, 42","3304820,4581","356973873,6358","516718720,817","0,6908",A
2014,Patch Kit/8 Patches,"3299861,0998","360273734,7356","516718720,817","0,6972",A
2014,HL Road Pedal,"3288429,461","363562164,1966","516718720,817","0,7035",B
2014,"HL Touring Frame - Yellow, 60","3287999,489","366850163,6856","516718720,817","0,7099",B
2014,"Road-550-W Yellow, 42","3249902,5704","370100066,256","516718720,817","0,7162",B
2014,ML Road Pedal,"3231561,868","373331628,124","516718720,817","0,7225",B
2014,"Mountain-500 Silver, 42","3098782,143","376430410,267","516718720,817","0,7285",B
2014,"LL Touring Frame - Yellow, 62","3074268,7268","379504678,9938","516718720,817","0,7344",B
2014,"Mountain-500 Silver, 48","3065558,0138","382570237,0076","516718720,817","0,7403",B
2014,LL Crankset,"2995677,0912","385565914,0988","516718720,817","0,7461",B
2014,"Mountain-500 Black, 48","2989857,4281","388555771,5269","516718720,817","0,7519",B
2014,"Road-250 Black, 52","2985699,4327","391541470,9596","516718720,817","0,7577",B
2014,"Racing Socks, M","2826263,7681","394367734,7277","516718720,817","0,7632",B
2014,"Mountain-400-W Silver, 40","2811558,2355","397179292,9632","516718720,817","0,7686",B
2014,"LL Mountain Frame - Black, 48","2724984,2064","399904277,1696","516718720,817","0,7739",B
2014,"LL Mountain Frame - Silver, 44","2654338,9913","402558616,1609","516718720,817","0,779",B
2014,"ML Road Frame-W - Yellow, 44","2645401,3447","405204017,5056","516718720,817","0,7841",B
2014,LL Mountain Pedal,"2633065,5764","407837083,082","516718720,817","0,7892",B
2014,"LL Road Frame - Black, 52","2617874,6045","410454957,6865","516718720,817","0,7943",B
2014,"Road-350-W Yellow, 44","2590468,7073","413045426,3938","516718720,817","0,7993",B
2014,LL Bottom Bracket,"2587122,2527","415632548,6465","516718720,817","0,8043",B
2014,"Mountain-500 Silver, 40","2581787,114","418214335,7605","516718720,817","0,8093",B
2014,LL Mountain Handlebars,"2568659,2643","420782995,0248","516718720,817","0,8143",B
2014,"LL Touring Frame - Yellow, 44","2546923,4681","423329918,4929","516718720,817","0,8192",B
2014,"Road-250 Black, 58","2543549,058","425873467,5509","516718720,817","0,8241",B
2014,"LL Mountain Frame - Silver, 40","2496903,4949","428370371,0458","516718720,817","0,829",B
2014,"Road-250 Red, 58","2486241,2285","430856612,2743","516718720,817","0,8338",B
2014,"LL Touring Frame - Blue, 50","2481170,2658","433337782,5401","516718720,817","0,8386",B
2014,"Mountain-500 Silver, 44","2473005,1965","435810787,7366","516718720,817","0,8434",B
2014,"Road-750 Black, 44","2470240,0632","438281027,7998","516718720,817","0,8482",B
2014,LL Mountain Seat/Saddle,"2425373,589","440706401,3888","516718720,817","0,8528",B
2014,Rear Derailleur,"2396155,0505","443102556,4393","516718720,817","0,8575",B
2014,"Road-550-W Yellow, 44","2389296,4992","445491852,9385","516718720,817","0,8621",B
2014,"LL Touring Frame - Yellow, 50","2341250,9349","447833103,8734","516718720,817","0,8666",B
2014,"Touring-1000 Yellow, 54","2314498,6718","450147602,5452","516718720,817","0,8711",B
2014,"LL Mountain Frame - Black, 42","2219868,4857","452367471,0309","516718720,817","0,8754",B
2014,"Mountain-500 Black, 52","2211542,1679","454579013,1988","516718720,817","0,8797",B
2014,"Mountain-500 Black, 44","2203421,4197","456782434,6185","516718720,817","0,884",B
2014,"Mountain-400-W Silver, 38","2192204,7051","458974639,3236","516718720,817","0,8882",B
2014,"Half-Finger Gloves, L","2174245,5414","461148884,865","516718720,817","0,8924",B
2014,"Mountain-400-W Silver, 46","2154697,5669","463303582,4319","516718720,817","0,8966",B
2014,"LL Touring Frame - Blue, 54","2151837,9842","465455420,4161","516718720,817","0,9007",C
2014,"Touring-1000 Blue, 54","2139279,0148","467594699,4309","516718720,817","0,9049",C
2014,"LL Mountain Frame - Silver, 52","2137230,8143","469731930,2452","516718720,817","0,909",C
2014,"Mountain-400-W Silver, 42","2109570,125","471841500,3702","516718720,817","0,9131",C
2014,"ML Road Frame-W - Yellow, 38","2109185,4719","473950685,8421","516718720,817","0,9172",C
2014,"HL Mountain Frame - Black, 38","2083834,0761","476034519,9182","516718720,817","0,9212",C
2014,"Mountain-500 Black, 40","2066249,7939","478100769,7121","516718720,817","0,9252",C
2014,ML Mountain Pedal,"2031160,1592","480131929,8713","516718720,817","0,9291",C
2014,ML Mountain Seat/Saddle,"2025592,2556","482157522,1269","516718720,817","0,9331",C
2014,"Mountain-500 Black, 42","2009748,8783","484167271,0052","516718720,817","0,937",C
2014,"ML Road Frame-W - Yellow, 48","1989632,9631","486156903,9683","516718720,817","0,9408",C
2014,"Touring-3000 Blue, 44","1948434,1103","488105338,0786","516718720,817","0,9446",C
2014,"Touring-3000 Yellow, 58","1945775,186","490051113,2646","516718720,817","0,9483",C
2014,"HL Mountain Frame - Silver, 46","1920943,7484","491972057,013","516718720,817","0,9521",C
2014,"Touring-3000 Blue, 62","1883710,6165","493855767,6295","516718720,817","0,9557",C
2014,"Touring-2000 Blue, 50","1788627,2789","495644394,9084","516718720,817","0,9592",C
2014,"LL Road Frame - Black, 58","1478574,272","497122969,1804","516718720,817","0,962",C
2014,HL Road Handlebars,"1464855,5978","498587824,7782","516718720,817","0,9649",C
2014,HL Mountain Handlebars,"1432284,6142","500020109,3924","516718720,817","0,9676",C
2014,HL Touring Handlebars,"1375994,4054","501396103,7978","516718720,817","0,9703",C
2014,Road Bottle Cage,"1218269,8562","502614373,654","516718720,817","0,9727",C
2014,Mountain Bottle Cage,"1129705,8157","503744079,4697","516718720,817","0,9748",C
2014,Fender Set - Mountain,"1109705,0292","504853784,4989","516718720,817","0,977",C
2014,"HL Touring Frame - Blue, 50","1025057,1775","505878841,6764","516718720,817","0,979",C
2014,"HL Touring Frame - Blue, 46","1017718,4345","506896560,1109","516718720,817","0,9809",C
2014,"HL Road Frame - Red, 44","865314,4931","507761874,604","516718720,817","0,9826",C
2014,"HL Mountain Frame - Silver, 42","852810,4609","508614685,0649","516718720,817","0,9843",C
2014,"HL Road Frame - Black, 44","830189,9157","509444874,9806","516718720,817","0,9859",C
2014,Rear Brakes,"787407,3917","510232282,3723","516718720,817","0,9874",C
2014,"HL Road Frame - Red, 62","764933,481","510997215,8533","516718720,817","0,9889",C
2014,HL Mountain Tire,"764632,6028","511761848,4561","516718720,817","0,9904",C
2014,Mountain Tire Tube,"617974,0177","512379822,4738","516718720,817","0,9916",C
2014,"HL Touring Frame - Yellow, 46","584587,0896","512964409,5634","516718720,817","0,9927",C
2014,Road Tire Tube,"480528,1622","513444937,7256","516718720,817","0,9936",C
2014,"ML Mountain Frame-W - Silver, 46","404174,4143","513849112,1399","516718720,817","0,9944",C
2014,Touring Tire,"382657,4045","514231769,5444","516718720,817","0,9951",C
2014,Touring Tire Tube,"343095,381","514574864,9254","516718720,817","0,9958",C
2014,ML Road Tire,"319465,9439","514894330,8693","516718720,817","0,9964",C
2014,HL Road Seat/Saddle,"271701,9322","515166032,8015","516718720,817","0,9969",C
2014,HL Road Tire,"225184,7652","515391217,5667","516718720,817","0,9974",C
2014,"HL Touring Frame - Yellow, 50","185702,4061","515576919,9728","516718720,817","0,9977",C
2014,"Long-Sleeve Logo Jersey, S","173246,1049","515750166,0777","516718720,817","0,9981",C
2014,"Short-Sleeve Classic Jersey, M","173044,1315","515923210,2092","516718720,817","0,9984",C
2014,LL Road Tire,"125923,9133","516049134,1225","516718720,817","0,9987",C
2014,ML Touring Seat/Saddle,"125451,8897","516174586,0122","516718720,817","0,9989",C
2014,Touring Pedal,"113009,0093","516287595,0215","516718720,817","0,9991",C
2014,ML Mountain Tire,"89219,9043","516376814,9258","516718720,817","0,9993",C
2014,"Classic Vest, L","84006,3912","516460821,317","516718720,817","0,9995",C
2014,All-Purpose Bike Stand,"76633,6537","516537454,9707","516718720,817","0,9996",C
2014,LL Mountain Tire,"57989,8702","516595444,8409","516718720,817","0,9997",C
2014,"LL Road Frame - Black, 44","36664,3346","516632109,1755","516718720,817","0,9998",C
2014,"Road-650 Red, 60","15511,6588","516647620,8343","516718720,817","0,9998",C
2014,"Road-650 Red, 48","12764,8682","516698680,3071","516718720,817","0,9999",C
2014,"Road-650 Black, 58","12764,8682","516698680,3071","516718720,817","0,9999",C
2014,"Road-650 Red, 44","12764,8682","516698680,3071","516718720,817","0,9999",C
2014,"Road-650 Red, 62","12764,8682","516698680,3071","516718720,817","0,9999",C
2014,"Women's Tights, L","7781,2934","516706461,6005","516718720,817","0,9999",C
2014,"Road-650 Black, 52","4983,5748","516711445,1753","516718720,817","0,9999",C
2014,"Men's Bib-Shorts, S","2746,7906","516714191,9659","516718720,817","0,9999",C
2014,"Men's Bib-Shorts, M","1784,7333","516715976,6992","516718720,817","0,9999",C
2014,"Women's Tights, S","1210,3208","516717187,02","516718720,817","0,9999",C
2014,"Full-Finger Gloves, M","327,4358","516718169,3274","516718720,817","0,9999",C
2014,"Full-Finger Gloves, L","327,4358","516718169,3274","516718720,817","0,9999",C
2014,"Full-Finger Gloves, S","327,4358","516718169,3274","516718720,817","0,9999",C
2014,"LL Road Frame - Red, 62","275,7448","516718720,817","516718720,817","1,00",C
2014,"LL Road Frame - Red, 48","275,7448","516718720,817","516718720,817","1,00",C
